osm_combination,location_ids
W1159336739-amenity:community_centre,14690
R1682243-boundary:administrative,"13260,13261"
R195266-boundary:administrative,"12404,12405,12406,12407"
R3579143-boundary:administrative,14661
N509907130-place:city,"14592,14593,14594"
N1243035214-place:locality,14695
R3290045-boundary:administrative,13607
N1627986501-place:suburb,14721
R225491-boundary:administrative,12478
R534147-boundary:administrative,12861
R27021-boundary:administrative,"11268,11269,11270,11271,11272,11273"
N262720064-place:town,14435
N58568637-place:city,14189
R2067731-boundary:administrative,"13388,13389,13390"
R1946216-boundary:administrative,13353
R1311341-boundary:administrative,"13153,13154,13155,13156"
R1790070-boundary:administrative,13288
R186579-boundary:administrative,"12291,12292"
R108318-boundary:administrative,11977
W397169884-landuse:religious,"14553,14554"
N294918313-natural:peak,14479
R195269-boundary:administrative,"12409,12410,12411,12412,12413"
R224951-boundary:administrative,"12468,12469,12470"
R307756-boundary:administrative,"12628,12629,12630,12631,12632,12633"
R106956-boundary:administrative,"11970,11971"
N158356856-place:hamlet,14281
N9452645121-office:company,14901
R7690464-boundary:administrative,13846
R162018-boundary:administrative,12133
N3206105022-amenity:atm,14811
W114796150-amenity:place_of_worship,14233
N371274506-place:city,14543
R9389392-boundary:administrative,13887
R959426-boundary:administrative,12946
N3207873659-place:town,14812
R62771-boundary:administrative,11820
R1100106-boundary:postal_code,13011
R115354-boundary:administrative,12020
N4427680493-amenity:social_facility,"14850,14851,14852,14853"
R61945-boundary:administrative,11457
N353039871-place:town,14534
N942873623-place:hamlet,14663
R3717825-boundary:administrative,13700
N7747595593-place:quarter,14895
N25438345-place:town,14033
N1576341874-place:house,14711
R62768-boundary:administrative,"11811,11812,11813,11814,11815,11816,11817,11818,11819"
R340746-boundary:administrative,12660
W1135517980-building:religious,14686
W294548130-building:public,"14477,14478"
N21749653-place:town,14022
R1916530-boundary:ceremonial,13330
W781993687-amenity:school,14646
R396708-boundary:administrative,12742
R365821-boundary:administrative,"12696,12697"
N1498862011-place:village,"14709,14710"
W283125852-amenity:school,14459
R62539-boundary:administrative,"11664,11665,11666,11667,11668,11669,11670"
N5504819056-place:house,14862
R349556-boundary:administrative,12674
N11023388994-place:house,14915
R11675192-boundary:administrative,14762
R62363-boundary:administrative,"11481,11482"
R387529-boundary:administrative,12717
W23415112-highway:residential,14971
N4212988896-place:house,14843
R195272-boundary:administrative,"12428,12429,12430,12431,12432"
R110451-boundary:administrative,11984
R62652-boundary:administrative,11758
W578629568-amenity:townhall,14616
N501528686-place:town,14586
R153481-boundary:administrative,12106
W22826418-landuse:residential,14024
R62638-boundary:administrative,"11730,11731,11732,11733,11734,11735"
R7219605-place:island,13837
N9424634217-leisure:sports_centre,14900
R4125425-highway:pedestrian,14977
R42628-boundary:administrative,11310
R722146-boundary:administrative,"12904,12905"
R3832427-boundary:administrative,13725
N107775-place:city,"11973,11974,11975,11972"
N66331528-place:city,14199
R111257-boundary:administrative,11986
R112143-boundary:administrative,"12001,12002"
N27565050-place:city,"14082,14083"
R118082-boundary:ceremonial,"12024,12025"
R537139-boundary:administrative,12877
W60457998-highway:residential,14993
W1355338158-building:house,14698
R1376330-boundary:administrative,"13169,13170"
R3360467-boundary:postal_code,"13635,13636"
N21664801-place:town,14019
N5531917208-place:town,14865
R1513208-boundary:administrative,13232
N13707878-place:city,"13964,13965"
N1692549353-place:town,14739
R2316741-boundary:administrative,"13456,13457,13458,13459"
R307573-boundary:administrative,"12614,12615,12616,12617,12618,12619,12620,12621,12622,12623"
R161503-boundary:administrative,"12119,12120"
R282800-boundary:administrative,12525
N59630746-place:village,14191
R2022221-boundary:administrative,13385
R287827-boundary:administrative,12549
W227673969-office:religion,"14326,14327"
R3866463-boundary:administrative,13728
N1420120430-place:hamlet,14704
R3722233-boundary:administrative,13718
R1128909-boundary:postal_code,13059
N3442474911-place:city,"14822,14823,14824,14825"
R5700081-boundary:ceremonial,"13798,13799"
R105146-boundary:administrative,11968
R176069-boundary:administrative,12232
N1667671370-place:city,14729
R62691-boundary:administrative,"11770,11771,11772,11773,11774,11775,11776"
R96905-boundary:administrative,"11962,11963"
R1421436-boundary:administrative,13189
N154336516-shop:supermarket,"14277,14278,14279"
R283610-boundary:administrative,"12527,12528,12529"
W427694741-highway:residential,14979
N30324159-place:city,14127
R940675-boundary:administrative,12936
N25181326-place:city,14031
R1080487-boundary:administrative,13007
R113314-boundary:administrative,12011
N27318370-railway:station,14066
R192777-boundary:administrative,"12332,12333,12334,12335"
R1809172-boundary:administrative,13301
R161033-boundary:administrative,12118
N1691675873-place:city,14738
R5396194-place:city,"13777,13778,13779,13780"
R3899662-boundary:political,13729
N10056240500-place:house,14909
R1421453-boundary:administrative,13191
N204648-place:city,"12444,12445"
W30756317-leisure:park,14934
W386631525-building:house,14549
N245600130-place:city,14377
R3380888-boundary:postal_code,13649
R1683318-boundary:administrative,13269
N1673805665-place:isolated_dwelling,14731
R907182-boundary:administrative,12912
R62467-boundary:administrative,11599
R2564500-boundary:administrative,"13489,13490,13491,14874,13488"
N3590582644-place:house,14830
N1801308037-place:city,"14746,14747"
R7681896-place:island,"13843,13844,13845"
R165479-boundary:administrative,"12174,12175,12176,12177"
N861942904-place:hamlet,14655
N27365505-place:town,14067
N558578013-place:village,14605
R453405-boundary:administrative,"12843,12844,12845"
R2723258-boundary:administrative,13502
R62350-boundary:administrative,11479
R5610766-boundary:administrative,13796
W687327847-highway:residential,14960
R285864-boundary:administrative,"12531,12532,12533,12534,12535,12536,12537,12538"
R62523-boundary:administrative,"11643,11644"
R1971863-boundary:administrative,13373
N1685767121-place:city,"14733,14734"
R161646-boundary:administrative,12122
R1132157-boundary:postal_code,"13063,13064"
N8685851399-place:house,14891
W640006564-office:government,14624
R237385-boundary:administrative,"12493,12494,12495,12496,12497,12498,12492"
R4743094-highway:pedestrian,"13766,13767"
R5847055-boundary:administrative,"13811,13812"
W4017222-leisure:park,13733
R165789-boundary:administrative,12179
R1016534-boundary:administrative,"12983,12984,12985"
R1372374-boundary:administrative,13168
R1451600-boundary:administrative,13211
R4136816-boundary:administrative,13737
N194115857-place:village,14302
R390788-boundary:administrative,12721
R935181-boundary:administrative,"12927,12928,12929,12930"
N318324863-place:village,"14515,14516"
N245640543-place:city,"14379,14380,14381"
R13546445-boundary:administrative,13961
W140594474-landuse:industrial,14252
N248192271-railway:halt,14398
R148789-boundary:administrative,12088
R21335-boundary:administrative,11266
W589706033-amenity:townhall,14617
R1016515-boundary:administrative,12968
R1101466-boundary:postal_code,13013
R722150-boundary:administrative,12906
W39987593-building:train_station,"14166,14167,14168,14169"
R175707-boundary:census,12218
R129590-boundary:administrative,12052
N17858754-place:town,13992
R62578-boundary:administrative,"11692,11693,11694,11695,11696,11697,11698,11699"
R62640-boundary:administrative,"11738,11736,11737"
N273817074-place:village,14451
R9686822-boundary:administrative,13892
R2145268-boundary:administrative,"13407,13408"
W333209786-highway:pedestrian,"14980,14989,14956"
N289346590-place:city,"14465,14466,14467"
R1504427-boundary:administrative,13228
R11797890-boundary:administrative,13947
N703497634-place:hamlet,14636
R305138-boundary:administrative,"12612,12613"
N2702635872-building:residential,14802
R1435835-boundary:administrative,13209
R242585-boundary:administrative,12504
R178021-boundary:administrative,"12235,12236,12237"
R1944756-boundary:administrative,"13346,13347"
R449220-boundary:administrative,"12822,12823,12824"
N8757639768-amenity:community_centre,"14892,14893"
R270056-boundary:administrative,"12511,12512,12513,12514,12515,12516,12518,12517"
N780536498-place:city,14644
R214665-boundary:administrative,"12456,12457"
N1326762432-place:city,"14527,14529,14528"
N13355228-place:town,13958
W32621100-building:industrial,14144
R62411-boundary:administrative,"11547,11548,11549,11550"
R1278736-boundary:administrative,13142
N3488243604-place:suburb,14826
R1477084-boundary:administrative,13226
R112304-boundary:administrative,12007
R324211-boundary:administrative,"12644,12645"
R109166-boundary:administrative,"11978,11979,11980,11981,11982,11983"
R2440448-boundary:administrative,13482
R2730349-place:city,"13503,13504,13505"
R62400-boundary:administrative,"11510,11511,11512,11513,11514,11515,11516,11517,11518,11519,11520"
R1394770-boundary:postal_code,13175
W27883773-building:university,14100
N89313928-place:city,14213
N29780369-place:village,14122
N21262494-place:city,"14012,14013,14014"
N27565105-place:city,"14091,14092"
N151422010-place:city,14270
R1432365-boundary:administrative,13204
N55136928-place:town,14188
R76516-boundary:administrative,11911
R9071318-boundary:administrative,13874
R357995-boundary:administrative,12680
R66750-boundary:administrative,11882
N240102654-place:city,"14356,14357"
R941087-boundary:administrative,12939
W4481969-amenity:university,13756
R223474-boundary:administrative,"12460,12461"
R182706-boundary:administrative,12256
N244082238-place:city,14372
N10021976-place:city,13900
R4140554-boundary:administrative,13740
R271110-boundary:administrative,"12519,12520,12521,12522,12523"
R3343625-boundary:postal_code,13622
R1177823-boundary:administrative,13085
R9274280-place:town,13884
R1184562-boundary:administrative,13091
R418434-boundary:administrative,12793
R62356-boundary:administrative,11480
R377452-boundary:administrative,12699
N9784135870-place:village,14907
N3500961528-place:city,"14829,14828"
R1527084-boundary:administrative,13233
N27565002-place:city,14080
R10489605-boundary:administrative,13761
R152281-boundary:administrative,12103
R87775-boundary:administrative,11946
W290595605-building:yes,14469
R192830-boundary:administrative,"12397,12398,12399,12400,12401,12402,12403"
R62664-boundary:administrative,11763
R2407500-boundary:administrative,13471
N1448497912-place:city,14707
R3372369-boundary:postal_code,13640
N150946345-place:city,14263
R2093234-boundary:administrative,"13393,13394"
R132799-boundary:administrative,12056
R2884808-boundary:administrative,13582
N52241765-place:village,14185
R2315704-boundary:administrative,"13444,13445,13446,13447,13448"
R4611087-boundary:political,13763
R1318338-boundary:administrative,"13158,13159"
R28722-boundary:administrative,"11279,11280"
N261650920-place:village,14425
W48488857-amenity:townhall,"14177,14178,14179"
N663428001-place:city,13764
N1600652612-amenity:cafe,14717
N2316854119-shop:convenience,"14784,14785"
R174737-boundary:administrative,"12213,12210,12211,12212,12214,12215,12216"
R33201-building:office,"11290,11291"
R4140368-boundary:administrative,13738
R447979-boundary:administrative,12821
R161957-boundary:administrative,"12128,12127"
W196319740-place:village,14304
N297957507-place:village,14482
R16239-boundary:administrative,"11252,11253,11254,11255,11256,11257"
R2785957-boundary:administrative,13540
R238005-boundary:administrative,12501
R12770700-boundary:administrative,13950
R1970186-boundary:administrative,"13367,13368,13369,13370"
R3357660-boundary:postal_code,13634
R158556-boundary:administrative,12116
R943557-boundary:administrative,12942
N335868152-place:city,14524
R192736-boundary:administrative,"12316,12317"
R547469-boundary:administrative,"12881,12882"
R1080449-boundary:administrative,13001
N5522739877-place:village,14863
N29277817-place:city,"14108,14109,14110,14111"
R2436133-highway:pedestrian,14926
N262721892-place:town,14436
R1070411-boundary:administrative,12996
R192786-boundary:administrative,12351
R9134191-boundary:administrative,13877
R177415-boundary:administrative,"12233,12234"
R199071-boundary:administrative,12443
N2718555130-place:village,14803
R13290062-boundary:administrative,13957
R60687-boundary:administrative,11449
W109121382-building:office,14230
N33997995-place:city,14154
R374297-boundary:administrative,12698
W242633363-landuse:forest,14369
W166280787-amenity:community_centre,"14289,14290,14291"
R1207838-boundary:administrative,13103
R133765-boundary:statistical,12060
R286590-boundary:administrative,12541
N27564994-place:city,"14072,14073"
N2897566195-amenity:social_centre,14805
R1248406-boundary:administrative,13128
R1432629-boundary:administrative,13205
R387305-boundary:administrative,12713
N7020623886-place:city,14879
N2188540033-place:village,14772
R1428125-boundary:administrative,"13193,13194,13195,13196,13197,13198,13199,13200,13201,13202,13203"
R2221423-boundary:administrative,"13438,13439"
R62713-boundary:administrative,"11783,11784,11786,11787,11788,11785"
R1080460-boundary:administrative,13002
W69605526-amenity:townhall,14204
R387411-boundary:administrative,12714
N501517702-place:city,14583
R53292-boundary:administrative,11372
W329061153-landuse:industrial,14518
R184840-boundary:administrative,12281
N271315342-place:city,14448
N3831141182-amenity:clubhouse,14837
N158649053-place:hamlet,14282
R1829065-boundary:administrative,"13303,13304,13305,13306,13307,13308,13309"
N9637312475-amenity:events_venue,"14903,14904"
W704502493-landuse:construction,14637
N240074718-place:city,"14346,14347,14348,14349"
R157741-boundary:administrative,12113
R556710-boundary:administrative,12893
R173103-boundary:administrative,12207
R929730-boundary:administrative,12922
R62591-boundary:administrative,"11707,11708,11709,11710,11711,11712,11713"
N7646215719-place:quarter,14884
W1298098644-building:college,14696
N501540902-place:city,14588
W673292342-highway:pedestrian,14629
N27794797-place:town,14098
R62643-boundary:administrative,"11739,11740"
W794181493-highway:unclassified,14941
R1291695-boundary:postal_code,13144
R1282111-boundary:administrative,13143
R2793190-boundary:administrative,13567
R3155196-boundary:administrative,13601
R113158-boundary:administrative,12010
R62428-boundary:administrative,"11570,11571,11572,11573,11574,11575,11576,11577,11578,11579,11580,11581"
R3379695-boundary:postal_code,13648
W43317735-highway:residential,14992
R539258-boundary:administrative,12879
W401910579-highway:pedestrian,14986
R62515-boundary:administrative,11634
R1960177-boundary:administrative,13366
R5638986-boundary:administrative,13797
R5402585-boundary:administrative,13785
N25508576-place:city,14039
R18183546-amenity:townhall,"13996,13997,14871,13995"
N353979111-place:island,14537
N3147833520-place:village,14809
R396482-boundary:administrative,12739
N262722292-place:town,"14437,14438"
N26202801-place:town,14050
R114686-boundary:administrative,"12012,12013,12014,12015"
R172987-boundary:administrative,12206
R1132256-boundary:postal_code,"13066,13067,13068"
R62464-boundary:administrative,"11587,11588,11589,11590,11591,11592,11593,11594,11595,11596,11597"
W682712527-amenity:townhall,14631
R155707-boundary:administrative,12109
R62562-boundary:administrative,11681
W710980939-building:commercial,14638
R405809-boundary:administrative,12771
R10103487-boundary:administrative,"13901,13902,13903"
R307828-boundary:administrative,"12637,12638"
R452197-boundary:administrative,12827
R1016514-boundary:administrative,"12965,12966,12967"
R1741311-boundary:administrative,13286
R1080441-boundary:administrative,"12999,13000"
R1128379-boundary:administrative,13058
R148074-boundary:administrative,"12084,12085"
R2221062-boundary:administrative,"13434,13435"
R1170527-boundary:postal_code,13080
R62488-boundary:administrative,11609
R453738-boundary:administrative,12846
R571747-boundary:administrative,"12897,12896"
R7219477-place:island,13836
N1689366777-amenity:community_centre,14737
R224922-boundary:administrative,12467
N245688972-place:city,14383
R9408782-boundary:census,13888
R1111973-boundary:postal_code,13023
R287666-boundary:administrative,"12543,12544"
N1046100133-place:city,"14675,14676"
R1434957-boundary:administrative,13207
R2387637-boundary:administrative,13465
W519320478-highway:platform,14595
R1016525-boundary:administrative,12974
R349390-boundary:administrative,12670
R409764-boundary:administrative,12779
R8123508-highway:pedestrian,"14937,14968"
R59418-boundary:administrative,"11434,11435,11436,11437,11438,11439"
R9721587-boundary:administrative,13895
W1083572360-building:church,14679
R1543125-boundary:administrative,"13234,13235"
R62347-boundary:administrative,11478
R59470-boundary:administrative,"11440,11441,11442,11443,11444"
R1077539-boundary:administrative,12998
R62581-boundary:administrative,"11700,11701,11702,11703,11704"
R3737586-boundary:administrative,13719
W79683431-highway:residential,14958
N264893984-amenity:cinema,14441
R62409-boundary:administrative,"11545,11546"
R3715390-boundary:administrative,13693
R62553-boundary:administrative,"11671,11672"
N34684808-place:city,"14156,14157"
R3328234-boundary:postal_code,"13611,13612,13613,13614,13615"
N16174445-place:city,13981
R913223-boundary:postal_code,12917
W485132006-highway:pedestrian,14570
R5605820-boundary:administrative,13794
R2468628-boundary:administrative,"13484,13485"
R54517-boundary:administrative,"11385,11386,11387"
N258013552-place:city,14415
R9185096-place:city,"13878,13879,13880,13881,13882,13883"
R533502-boundary:administrative,12860
R57750-boundary:administrative,11400
R1690227-boundary:administrative,13277
N7499335147-place:hamlet,14881
W365481421-amenity:community_centre,14541
N2278426212-place:city,14776
R186761-boundary:administrative,12293
R443473-boundary:administrative,12815
R162909-boundary:administrative,12149
N1674026139-place:city,14732
R336478-boundary:administrative,12654
N792010169-place:village,14648
R307584-boundary:administrative,"12624,12625,12626,12627"
R6663864-boundary:administrative,"13826,13827,13828"
W543423202-landuse:commercial,14602
R3372351-boundary:postal_code,13639
R40789-boundary:administrative,11304
N27553734-place:suburb,14071
R119595-boundary:administrative,12033
R305092-boundary:administrative,"12604,12605,12606,12607"
N32675806-place:city,"14145,14146,14147,14148,14149"
N1934239893-place:city,14761
N3050597953-amenity:pub,14807
R936920-boundary:administrative,12933
R396463-boundary:administrative,12734
N29621529-place:hamlet,14115
R40454-boundary:administrative,11302
R54417-boundary:administrative,11383
R7392435-boundary:administrative,13839
R2657473-boundary:administrative,13493
W41454792-amenity:community_centre,14171
R10492533-boundary:administrative,14207
N1880441437-place:city,"14753,14754,14755"
R4718247-boundary:administrative,13765
W49802763-landuse:commercial,14181
R2108121-boundary:administrative,"13395,13396,13397,13398,13399,13400,13401"
R112298-boundary:administrative,"12004,12005,12006"
N317275078-place:suburb,"14512,14513,14514"
N273112125-place:village,14450
N68674508-place:city,14203
R2297418-boundary:administrative,13443
R1802550-boundary:administrative,13298
W142431393-building:office,14254
N26292942-place:city,14051
R1398884-boundary:administrative,"13178,13179"
R182347-boundary:administrative,12255
R2408838-boundary:administrative,13474
N358022275-tourism:museum,14538
N1125912204-place:village,14684
R4586286-boundary:administrative,13762
R3253929-boundary:political,13605
R453372-boundary:administrative,"12835,12836,12837,12838,12839"
R47796-boundary:administrative,"11317,11318,11319,11320,11321"
R62611-boundary:administrative,11723
W12711018-highway:residential,14932
R11049243-boundary:administrative,"13931,13932"
R2427634-boundary:administrative,13481
R62778-boundary:administrative,11822
N5722967600-place:town,14867
W145813977-amenity:townhall,14257
R3709353-boundary:administrative,"13683,13684"
R51701-boundary:administrative,"11352,11353,11354"
N2311720702-place:village,14781
N2443571734-amenity:vending_machine,14788
N6211766617-place:town,14872
W474236429-building:yes,14568
R2130352-place:island,"13404,13405,13406"
R153547-boundary:administrative,12107
R88210-boundary:administrative,"11952,11951"
N245589078-place:city,"14374,14375,14376"
R396731-boundary:administrative,12745
R127309-boundary:administrative,12048
R225483-boundary:administrative,12474
N103035982-place:village,14226
R1250541-boundary:postal_code,"13130,13131"
W229132655-place:town,14328
W25730724-highway:residential,14040
N34844268-place:town,14158
N501508527-place:village,14582
N2667308200-place:town,14795
R2778908-boundary:administrative,13517
R62594-boundary:administrative,11714
R1600842-boundary:administrative,13246
R2561177-boundary:administrative,13487
N27529290-place:town,14070
N33622904-place:city,14153
R2779378-boundary:administrative,13525
R7114900-boundary:administrative,13832
R1178612-boundary:postal_code,13086
R225490-boundary:administrative,"12476,12477"
R59195-boundary:administrative,11433
R8896976-place:city,"13868,13869,13870,13871,13872,13873"
R298285-boundary:administrative,"12563,12564"
N321521438-place:city,14517
R62372-boundary:administrative,"11495,11496"
R8813574-boundary:administrative,13867
R165476-boundary:administrative,"12171,12172,12173"
W23226931-leisure:park,14026
R1433619-boundary:administrative,13206
W27883772-historic:castle,14099
R5703696-boundary:administrative,14966
N240126753-place:city,14364
R4047593-boundary:administrative,13734
R62385-boundary:administrative,11503
W123416534-building:yes,14242
R958109-boundary:administrative,12944
N27163131-place:village,14065
N20833623-place:city,"14004,14005"
R1984022-boundary:administrative,13374
R1504662-boundary:administrative,13230
R3336031-boundary:administrative,13618
R80357-boundary:administrative,11914
R225489-boundary:administrative,12475
R3586169-boundary:administrative,13664
R1734859-boundary:administrative,13285
R62718-boundary:administrative,"11791,11792,11793,11794,11795,11796"
R9686813-boundary:administrative,13891
R7407678-boundary:administrative,13841
N316440978-place:city,"14507,14508,14509,14510"
W309057815-landuse:residential,14501
R3706991-boundary:administrative,13682
R406091-boundary:administrative,"12775,12776,12777"
R62785-boundary:administrative,11849
R62531-boundary:administrative,"11652,11653,11654,11655,11656,11657,11658,11659,11660"
R58274-boundary:administrative,"11402,11403,11404,11405,11406,11407"
R129473-boundary:administrative,12051
W237812202-place:KIANO'S PLOT,"14331,14332"
N2510123017-place:city,14790
R2408836-boundary:administrative,13472
R225482-boundary:administrative,"12472,12473"
N917928963-place:village,14662
N298296173-place:city,14484
N395304321-place:village,14552
R454175-boundary:administrative,12852
N36701460-place:city,14159
R29831-boundary:administrative,11281
R2697338-boundary:administrative,13498
W183802439-amenity:university,14296
N2022807192-place:city,"14767,14764,14765,14766"
R50046-boundary:administrative,"11331,11330,11332,11333"
N5992178210-place:town,"14869,14870"
R1350280-boundary:administrative,13165
R9274287-place:town,13885
N252592807-place:city,"14406,14407,14408,14409,14410"
R78290-boundary:administrative,11912
N121793400-place:suburb,"14238,14239"
R3901809-boundary:administrative,13730
R396775-boundary:administrative,12747
R148606-boundary:administrative,"12086,12087"
N245773039-place:town,14395
R52411-boundary:administrative,"11362,11363"
R88553-boundary:administrative,11954
R187669-boundary:administrative,12294
R10264792-boundary:administrative,13908
N6765699485-place:city,14878
R1956782-boundary:administrative,13361
R17529-boundary:administrative,11260
N1886594378-place:city,"14757,14758,14759,14760"
N508079854-place:town,14591
R4479752-boundary:administrative,"14137,14134,14135,14136,14138"
R88531-boundary:administrative,11953
N151335482-place:city,14269
N205400065-place:village,14313
N25470100-place:city,14034
R3577685-boundary:administrative,13662
R58437-boundary:administrative,"11408,11409,11410"
R134824-boundary:administrative,12064
R1188765-boundary:postal_code,13098
N880333187-place:suburb,14896
R2168250-boundary:administrative,13416
N305705721-place:village,"14496,14497,14498"
W763124912-leisure:garden,14643
R122586-boundary:administrative,12038
N59953738-place:city,14192
R325518-boundary:administrative,12647
R73663-boundary:administrative,11904
W22662547-highway:pedestrian,14023
R3336978-boundary:administrative,13619
W146619231-leisure:park,14260
R1124272-boundary:administrative,13051
R904512-boundary:administrative,"12908,12909,12910,12911"
N279649847-place:city,"14453,14454"
N115630073-place:village,14234
R1130787-boundary:postal_code,13062
R3373762-boundary:postal_code,13644
R180678-boundary:administrative,12243
R136578-boundary:administrative,12066
R3718463-boundary:administrative,13707
W97879088-building:retail,14219
R10546821-boundary:administrative,"13920,13921,13922,13923,13925,13926,13924"
R1600804-boundary:administrative,13243
R11042445-boundary:administrative,13930
N29094634-place:town,14107
R3373299-boundary:postal_code,13643
R398021-boundary:administrative,"12753,12754,12755"
N356420273-place:town,14536
R3360778-boundary:administrative,13637
R377733-boundary:administrative,12700
R1216769-boundary:administrative,"13104,13105"
R62403-boundary:administrative,"11521,11522,11523,11524,11525,11526,11527,11528,11529,11530,11531,11532"
R418324-boundary:administrative,"12790,12791"
R1761771-boundary:administrative,13287
R940961-boundary:administrative,12937
W40887760-shop:supermarket,14170
R2408837-boundary:administrative,13473
N18886011-place:city,"13999,14000"
R87565-boundary:administrative,"11938,11939,11940,11941,11942,11943,11944,11945"
R5466662-landuse:harbour,13790
R3351320-boundary:administrative,13631
R62646-boundary:administrative,"11742,11743,11744,11745"
R303427-boundary:administrative,"12567,12568"
R47811-boundary:administrative,"11322,11323,11324"
N240083793-place:village,14350
R1124261-boundary:administrative,"13031,13032"
N240047795-place:town,14336
R5379538-boundary:administrative,13776
W219232055-building:yes,14315
R1251066-boundary:administrative,13132
R179868-boundary:administrative,"12239,12240"
W93265337-highway:pedestrian,14964
W50826939-highway:tertiary,14988
R2405335-boundary:postal_code,13468
R535828-boundary:administrative,12864
W98946110-building:university,"14225,14224"
N290039262-place:village,14468
R14289629-boundary:administrative,13973
W28249460-office:association,"14102,14103"
R2174951-boundary:administrative,"13421,13422"
N871357842-place:village,14658
R1634544-boundary:administrative,13253
R192778-boundary:administrative,12336
R7902476-boundary:administrative,"13856,13857,13858,13859,13860,13861,13862"
R1846570-boundary:administrative,13311
N21521238-place:suburb,14016
R34914-boundary:administrative,11296
R7184998-boundary:administrative,13833
N297918705-shop:bakery,14481
N571433514-place:town,14612
N25960293-place:city,14048
N501540901-place:city,14587
R136687-boundary:administrative,12067
R12803764-boundary:administrative,13951
R1231107-boundary:postal_code,13116
R60759-boundary:administrative,"11450,11451,11452"
W192726135-amenity:fire_station,14300
W542029964-leisure:sports_centre,"14600,14601"
R3710302-boundary:administrative,"13685,13686"
N4107967280-place:town,"14841,14842"
R2989349-boundary:historic,"13596,13597,13598"
N501405252-place:village,14581
N192288043-place:city,14298
R537055-boundary:administrative,12876
W360885014-landuse:commercial,14539
R5326784-boundary:administrative,"13769,13770"
R8124756-highway:pedestrian,"14975,14935,14965"
R192756-boundary:administrative,"12318,12319,12320,12321"
R62564-boundary:administrative,"11682,11683,11684,11685,11686,11687,11688"
R288247-boundary:administrative,"12550,12551"
N245694497-place:city,14385
R311981-boundary:administrative,12642
R335433-boundary:administrative,12651
R52822-boundary:administrative,"11368,11366,11367,11369,11370,11371"
W498688157-tourism:museum,14580
R1656678-boundary:administrative,"13254,13255,13256"
N198511996-place:town,14308
R1309672-boundary:administrative,13147
R1126214-boundary:administrative,"13056,13057"
N240109189-place:city,"14358,14359"
W130408485-building:yes,14249
R192774-boundary:administrative,"12328,12329,12330"
R2784842-boundary:administrative,"13532,13533,13534,13535,13536,13537,13538"
R162112-boundary:administrative,"12140,12141,12142"
R2614802-boundary:administrative,13492
N245712627-place:city,"14392,14393"
R2779376-boundary:administrative,"13523,13524"
R287667-boundary:administrative,"12545,12546,12547,12548"
R76306-boundary:administrative,11908
R2410520-boundary:administrative,13475
R161816-boundary:administrative,12124
R2323309-boundary:administrative,"13460,13461"
R3486289-boundary:administrative,13655
R13048688-boundary:administrative,13955
W111356569-building:commercial,14232
N5305657051-place:hamlet,14860
R190922-boundary:administrative,14176
N2247730880-place:city,14774
N153843609-place:city,14276
R1683625-boundary:administrative,13272
R439840-boundary:administrative,"12804,12805"
R1428091-boundary:administrative,13192
R2202162-boundary:administrative,"13424,13425,13426,13427,13429,13430,13431,13432,13428"
N245711197-place:city,"14389,14390,14391"
R1216863-boundary:administrative,13110
N619091882-place:city,14621
R62577-boundary:administrative,"11689,11690,11691"
N235539324-place:town,14330
W43152749-highway:footway,"14173,14174"
R401643-boundary:administrative,12757
W1093685103-amenity:arts_centre,"14680,14681,14682,14683"
N565425441-place:village,14607
R181147-boundary:administrative,"12246,12247"
R1335179-boundary:administrative,13162
R195290-boundary:administrative,"12436,12437,12438"
R51529-boundary:administrative,11350
N313203266-amenity:theatre,14502
R1342105-boundary:administrative,13164
R253824-boundary:administrative,12507
R1852574-boundary:administrative,"13312,13313,13314,13315,13316,13317,13318,13320,13319"
R405292-boundary:administrative,"12765,12766,12767"
R2018151-boundary:administrative,"13379,13380,13381"
R183792-boundary:administrative,14172
R3720425-boundary:administrative,13711
R151164-boundary:statistical,12101
R118362-boundary:administrative,"12026,12027,12028"
R133501-boundary:statistical,12058
R2316593-boundary:administrative,"13449,13450"
R1124271-boundary:administrative,"13047,13048,13049,13050"
R165440-boundary:administrative,12162
R6080948-boundary:administrative,"13817,13818"
R405302-boundary:administrative,12768
R409209-boundary:administrative,12778
R444535-boundary:administrative,12820
R70193-boundary:administrative,"11893,11894"
N1398932052-natural:peak,14700
R5952247-boundary:administrative,13814
N89293667-place:city,14212
R161796-boundary:administrative,12123
R340797-boundary:administrative,12661
N31203257-place:city,"14132,14133"
R162115-boundary:administrative,12143
W180527847-building:government,14294
W26701158-highway:living_street,14057
R62693-boundary:administrative,"11777,11778,11779,11780,11781"
W823406229-highway:tertiary,14959
R62673-boundary:administrative,11765
R1112863-boundary:administrative,13029
R1180945-boundary:postal_code,13089
R253556-boundary:administrative,12505
R3705576-boundary:administrative,13681
R1662877-boundary:administrative,13258
R536807-boundary:administrative,"12871,12872,12873,12874,12875"
R1124262-boundary:administrative,"13033,13034,13035,13036"
R62751-boundary:administrative,"11806,11807,11808,11809,11810"
R1027771-boundary:administrative,12990
R3775035-boundary:administrative,13724
R3764541-boundary:administrative,13721
W672194345-office:government,14628
R1136079-boundary:postal_code,13072
R163307-boundary:administrative,"12154,12155,12153"
N4298140251-place:city,14844
R4246124-boundary:administrative,"13745,13746,14883,13743,13744"
R146656-boundary:administrative,"12077,12078,12079,12080,12081"
R418338-boundary:administrative,12792
R405289-boundary:administrative,12764
W28234847-amenity:community_centre,14101
R172506-boundary:administrative,12202
N492803217-place:village,"14575,14576,14577"
R18000-boundary:administrative,11265
R1578579-boundary:administrative,13240
R2168241-boundary:administrative,"13413,13414"
R305095-boundary:administrative,"12608,12609,12610,12611"
N271613766-place:city,14449
R304934-boundary:administrative,"12595,12596"
R192798-boundary:administrative,"12383,12384,12385,12386,12387,12388,12389"
N305704484-place:state,14494
W105204294-building:yes,14227
N26819236-place:city,14058
W165240097-highway:pedestrian,14981
R1180492-boundary:administrative,13088
R339549-boundary:administrative,12659
N1599083298-place:town,14716
R1258406-boundary:postal_code,13137
R1112861-boundary:administrative,"13026,13027,13028"
R152126-boundary:administrative,12102
R536780-boundary:administrative,"12866,12867,12868,12869,12870"
W32511052-building:industrial,14143
R57537-boundary:administrative,"11396,11397,11398,11399"
R2316596-boundary:administrative,13454
R3351301-boundary:postal_code,"13627,13628,13629,13630"
N371009770-place:suburb,14542
R14286530-boundary:administrative,13971
R5915931-boundary:administrative,13813
R2156363-boundary:administrative,"13409,13410,13411"
R238074-boundary:administrative,12502
N247431235-place:suburb,14970
R5342409-place:city,"13771,13772,13773,13774"
R1128911-boundary:postal_code,13060
N1651888734-place:city,14727
R421222-boundary:administrative,12796
W190164883-landuse:recreation_ground,14297
R2888417-boundary:administrative,13583
R3739699-boundary:administrative,13720
R188553-boundary:administrative,12299
R43483-boundary:administrative,11311
N4353382085-place:state,"14845,14846"
N2276754230-place:town,14775
R17585-boundary:administrative,11261
W34503520-highway:residential,"14969,14967"
R3498111-boundary:administrative,13661
N315137869-place:town,14504
R69144-boundary:administrative,11889
R2316595-boundary:administrative,"13451,13452,13453"
R180348-boundary:administrative,12242
W989352080-building:office,14667
N544060405-place:city,14603
R2383224-boundary:administrative,13463
N1738808199-place:city,14744
R7444-boundary:administrative,"11242,11243,11244,11245,11246,11239,11240,11241"
R225481-boundary:administrative,12471
R47504-boundary:administrative,11316
N240063145-place:city,14341
N245581432-place:city,14373
N268396336-place:city,14447
R192790-boundary:administrative,12369
R1382494-boundary:administrative,13171
R396466-boundary:administrative,"12736,12735"
R1050510-boundary:administrative,12993
R3390051-boundary:postal_code,13652
R1136068-boundary:postal_code,"13070,13071"
R75628-boundary:administrative,11906
R2025886-boundary:administrative,13386
R1404604-boundary:postal_code,13182
R161644-boundary:administrative,12121
R3582694-boundary:region,13663
R67213-boundary:administrative,11883
R941757-boundary:administrative,12940
R396479-boundary:administrative,"12737,12738"
R164609-boundary:administrative,12161
W37831181-building:yes,14163
R192787-boundary:administrative,"12352,12353,12354,12355,12356,12357,12358,12359,12360,12361,12362,12363,12364,12365"
R295480-boundary:administrative,"12557,12558,12559,12560,12561,12562"
N151534347-place:village,14272
R1920901-boundary:administrative,"13331,13332,13333,13334,13335,13336,13337"
R56679-boundary:administrative,"11390,11391,11392,11393,11394,11395"
R165471-boundary:administrative,"12163,12164"
R172185-boundary:administrative,12201
R2833530-boundary:administrative,"13578,13579,13580"
R1615621-boundary:administrative,13248
R171264-boundary:administrative,12194
R959902-boundary:administrative,12949
R62687-boundary:administrative,"11766,11767,11768,11769"
R62782-boundary:administrative,"11838,11839,11840,11841,11842,11843,11845,11846,11847,11848,11844,14608,14609,11836,11837"
N8808263154-place:locality,14894
R943561-boundary:administrative,12943
R11677792-boundary:administrative,"13942,13943,13944"
R62495-boundary:administrative,"11613,11614,11615"
R195267-boundary:administrative,12408
W241361742-building:yes,14367
R172679-boundary:administrative,"12203,12204,12205"
R2022095-boundary:administrative,13384
R3146709-boundary:political,"13599,13600"
R3837923-boundary:administrative,13727
R422917-boundary:administrative,12799
N3181550515-place:city,14810
R6362934-boundary:administrative,13821
N1687216929-place:city,14736
R62633-boundary:administrative,11729
N687511075-amenity:theatre,14632
N5486035529-place:town,14861
R2793212-boundary:administrative,13568
R16343-boundary:administrative,"11258,11259"
R1021685-boundary:administrative,12986
R1188819-boundary:postal_code,13099
R1016505-boundary:administrative,"12954,12955"
R148838-boundary:administrative,"12092,12089,12090,12091,12093,12094,12095,12096,12098,12097,12099,12100"
R163052-boundary:administrative,"12150,12151"
R62478-boundary:administrative,"11601,11602"
R103716-boundary:administrative,11967
R10180981-boundary:administrative,13907
N21674637-place:city,14020
R127716-boundary:administrative,12049
R345740-boundary:administrative,12664
R405309-boundary:administrative,12770
R62780-boundary:administrative,"11823,11824,11825,11826,11827,11828,11829,11830,11831,11832,11833,11834,11835"
N315358390-place:city,14505
R14289499-boundary:administrative,13972
R170117-boundary:administrative,12187
N6658113961-office:association,14876
N245628312-place:town,14378
N24487450-place:city,"14029,14030"
R959645-boundary:administrative,12947
N300016201-place:town,14488
R62481-boundary:administrative,"11603,11604,11605,11606,11607"
R62149-boundary:administrative,"11458,11459,11460,11461,11462,11463,11464,11465,11466,11467,11468,11469,11470,11471,11472"
R299133-boundary:administrative,12565
N2394409479-place:village,14786
R4001207-boundary:police,13732
R1952514-boundary:administrative,13360
R16193530-place:city,"14597,14596"
R52747-boundary:administrative,"11364,11365"
R6232940-boundary:administrative,13819
R88071-boundary:ceremonial,"11948,11949,11950"
R2019939-boundary:administrative,"13382,13383"
R7870163-boundary:administrative,13849
N1037917163-place:city,"14673,14674"
R112533-boundary:administrative,12009
R1411339-boundary:administrative,"12506,13185,13186"
R450085-boundary:historic,12825
R62659-boundary:administrative,11762
N2518173352-place:city,14791
N26938845-place:city,14063
N1585272345-place:suburb,"14712,14713"
R1016513-boundary:administrative,"12961,12962,12963,12964"
R349547-boundary:administrative,"12672,12673"
W313299352-amenity:social_facility,14503
R1244015-boundary:administrative,13126
W220068919-highway:pedestrian,14319
N262031206-place:city,"14430,14431"
N1667005776-place:city,14728
R117925-boundary:administrative,12023
N253858753-place:village,14412
R8010070-boundary:administrative,13864
R1390623-boundary:administrative,13172
R62496-boundary:administrative,"11616,11617,11618"
R170169-boundary:administrative,12188
R2793189-boundary:administrative,"13561,13562,13563,13564,13565,13566"
N243382973-place:town,14371
R2799215-boundary:administrative,13572
N473374990-place:hamlet,14566
N158817652-place:town,14284
R17614-boundary:administrative,"11262,11263,11264"
N212677583-place:city,14292
R69348-boundary:administrative,11890
N21068295-place:city,"14010,14011"
W160147821-landuse:garages,14286
W27491065-building:commercial,14069
R43992-boundary:administrative,"11313,11314"
R96388-boundary:administrative,"11960,11961"
R11678062-boundary:administrative,13945
R170586-boundary:administrative,12189
R155713-boundary:administrative,12110
N1342435697-place:town,14697
R184640-boundary:administrative,"12268,12269,12270,12271,12272,12273,12274"
R62423-boundary:administrative,11569
R62745-boundary:administrative,"11800,11801,11802,11803,11804,11805"
R10663667-boundary:administrative,13927
R1411101-boundary:administrative,"13183,13184"
N30670040-place:city,14128
R42602-boundary:administrative,11308
N197603354-place:village,14305
W34512672-building:apartments,14155
R122604-boundary:administrative,"12039,12040,12041,12042,12043,12044,12045,12046"
R3711508-boundary:administrative,13691
R1369582-boundary:administrative,13166
N29747501-place:village,"14119,14120,14121"
R1241644-boundary:administrative,13119
W374817372-highway:residential,14976
R1016527-boundary:administrative,"12975,12976,12977,12978"
R356749-boundary:administrative,12676
R1950071-boundary:administrative,13357
R537701-boundary:administrative,12878
R62518-boundary:administrative,"11635,11636,11637,11638,11639,11640,11641,11642"
R548046-boundary:administrative,12883
R2778914-boundary:administrative,"13520,13521,13522"
R1370336-boundary:postal_code,13167
R3710532-boundary:administrative,13687
R10330977-boundary:administrative,13909
R3486020-boundary:administrative,13654
R358002-boundary:administrative,"12681,12682"
R5571617-boundary:administrative,13793
R16871035-boundary:administrative,13982
R1950090-boundary:administrative,13358
W130407751-amenity:townhall,14248
R181150-boundary:administrative,12248
N258495275-tourism:hotel,"14416,14417"
R454165-boundary:administrative,12849
R119515-boundary:administrative,12031
N10722994455-tourism:information,14913
R2168233-boundary:administrative,13412
R3337019-boundary:administrative,"13620,13621"
R390867-boundary:administrative,"12722,12723"
R435514-boundary:administrative,12801
R76155-boundary:administrative,11907
W53050495-place:house,14186
R349344-boundary:administrative,12669
N263734904-place:city,14440
N2606454014-shop:interior_decoration,14793
N1024114767-amenity:cinema,14672
R1634158-boundary:administrative,"13249,13250,13251,13252"
R3389340-boundary:postal_code,"13650,13651"
N501520125-place:town,"14584,14585"
W225735456-highway:pedestrian,"14984,14957,14982"
N990078879-amenity:library,14668
W15259205-highway:pedestrian,13979
R907192-boundary:postal_code,12913
N7514139011-office:yes,14882
R396710-boundary:administrative,"12744,12743,14949"
W1076229972-highway:tertiary,14939
N1594844142-place:town,14715
N3315149617-place:village,14818
R184629-boundary:administrative,12260
R225493-boundary:administrative,"12480,12481,12482"
R238084-boundary:administrative,12503
R5744413-boundary:administrative,13800
R1790696-boundary:administrative,13289
R659838-boundary:administrative,12900
W240181650-building:apartments,14365
R180684-boundary:administrative,12245
R1124267-boundary:administrative,13041
N3231429786-tourism:museum,"14814,14815,14816"
R2221119-boundary:administrative,"13436,13437"
R112467-boundary:administrative,12008
N4539661238-place:town,14855
R78752-boundary:administrative,11913
R4751452-highway:pedestrian,14929
W165900411-building:yes,14288
N154340776-place:town,14280
R1016516-boundary:administrative,"12969,12970"
R49715-boundary:administrative,"11325,11326,11327"
R58619-boundary:administrative,11430
N256555232-place:city,14414
N27565113-place:city,14093
R119557-boundary:administrative,12032
R1314218-boundary:administrative,13157
R6308866-natural:mountain_range,13820
R307829-boundary:administrative,"12639,12640"
W135631133-highway:secondary,14927
R51684-boundary:administrative,11351
R3720422-boundary:administrative,13710
N10584825802-amenity:community_centre,14912
R282347-boundary:administrative,12524
R1857436-boundary:administrative,13321
N60907763-place:city,14197
W141862937-building:yes,14253
R173124-boundary:administrative,12208
R897671-boundary:administrative,12907
R1302386-boundary:administrative,13146
W227580668-amenity:community_centre,"14324,14325"
R295355-boundary:administrative,"12553,12554,12555,12556"
W256016971-building:school,14413
R108089-boundary:administrative,11976
R2778322-boundary:administrative,13516
R341906-boundary:administrative,12662
N25293125-place:city,14032
R4576938-boundary:administrative,13757
R169759-boundary:administrative,"12185,12186"
N864212820-place:village,"14656,14657"
R1244160-boundary:administrative,13127
R534381-boundary:administrative,12862
N245702560-place:city,14386
N259587417-place:town,"14418,14419,14420"
R170708-boundary:administrative,12191
N1824135555-place:city,14752
R223167-boundary:administrative,12459
W222278733-boundary:protected_area,"14320,14321"
R453002-boundary:administrative,12833
N27565089-place:city,"14089,14090"
R1250226-boundary:administrative,13129
R2783888-boundary:administrative,"13528,13529"
R83319-boundary:administrative,11925
N3708908904-place:town,14831
R333748-boundary:administrative,12649
N1372477580-place:city,14699
W98946105-building:university,14223
N489372693-highway:bus_stop,"14572,14573"
R7903245-boundary:administrative,13863
R7888990-boundary:administrative,"13850,13851,13852,13853,13854,13855"
R192800-boundary:administrative,"12392,12393,12394,12395,12396"
W29261270-highway:unclassified,14985
N26153385-place:village,14049
R1332933-boundary:administrative,13160
R2793104-boundary:administrative,"13551,13552,13553,13554,13555,13556,13557,13558,13559,13560"
R139087-boundary:administrative,"12069,12070,12071"
R1418612-boundary:administrative,13188
R144696-boundary:administrative,12075
N284271111-place:village,14460
R422505-boundary:administrative,12797
R105270-boundary:administrative,11969
N3739658975-amenity:restaurant,"14833,14834,14835,14693"
W212706507-building:apartments,14314
N6683944704-place:town,14877
R6037643-boundary:administrative,13816
R1309674-boundary:administrative,13148
R406035-boundary:administrative,12774
W84749701-boundary:administrative,14210
N261833893-place:city,"14426,14427,14428,14429"
N150959789-place:city,14264
R1959008-boundary:administrative,13365
R1682248-boundary:administrative,"13262,13263,13264,13265,13266,13267"
W31549788-highway:service,14945
R405812-boundary:administrative,12772
N5022667001-place:village,14859
N4009196574-place:village,14840
R443911-boundary:administrative,"14994,12819"
N151493378-place:city,14271
R1473946-boundary:administrative,"13215,13216,13214"
N10244451674-amenity:cafe,14910
N2014216500-amenity:cafe,14763
R58253-boundary:administrative,11401
R184843-boundary:administrative,"12282,12283,12284,12285,12286"
N245717374-place:city,14394
R40217-boundary:administrative,11301
R13507428-boundary:administrative,13960
R62418-boundary:administrative,11551
N26502249-place:town,14055
R412166-boundary:administrative,12783
R172095-boundary:administrative,12200
W818766945-office:educational_institution,"14652,14653,14654"
N27565080-place:city,14088
R2420744-boundary:administrative,"13476,13477,13478,13479,13480"
N282335934-place:city,"14456,14457,14458"
R382313-boundary:administrative,"12702,12703,12704,12705,12706,12707,12708"
R3720358-boundary:administrative,13709
R401778-boundary:administrative,12759
R5135904-place:islet,13768
R1970198-boundary:administrative,"13371,13372"
R163736-boundary:administrative,12156
N27090054-place:city,14064
R175905-boundary:administrative,"12220,12221,12222,12223,12224,12225,12226,12227,12228,12229,12230,12231"
N300464483-amenity:cafe,14490
R1709854-boundary:administrative,"13283,13284"
N959618169-place:city,14666
N4824736425-place:town,"14856,14857"
N9655019076-amenity:community_centre,14906
W194547346-building:yes,14303
N316417066-place:county,14506
R4208689-amenity:hospital,13742
R3703394-boundary:administrative,13680
R2110264-boundary:administrative,13403
W226672615-amenity:place_of_worship,14323
W98181717-building:train_station,"14221,14222"
R8649-boundary:administrative,11248
R1254494-boundary:administrative,13136
W107451315-highway:residential,14923
R62396-boundary:administrative,11509
R2406260-boundary:administrative,13469
R116883-landuse:forest,12021
W133578644-place:city,14251
R1658515-boundary:administrative,13257
N1686293227-place:city,14735
R2698314-boundary:ceremonial,13499
R62512-boundary:administrative,"11631,11632,11633"
R62650-boundary:administrative,"11755,11756,11757"
R10106202-boundary:administrative,13904
R10718400-boundary:administrative,13928
N435662822-place:town,14558
R2249770-place:island,"13440,13441"
W32523967-highway:tertiary,14963
N260624619-place:town,"14422,14423"
R1022764-boundary:administrative,"12987,12988"
R393689-boundary:administrative,"12727,12728"
R181163-boundary:administrative,12253
R1188830-boundary:postal_code,13100
R30971-boundary:administrative,11289
R396496-boundary:administrative,12740
R60199-boundary:administrative,"11448,11447"
R2772661-boundary:administrative,13514
R170938-boundary:administrative,12192
R334372-boundary:administrative,12650
R1096833-boundary:postal_code,13010
R9660059-place:region,13890
R453391-boundary:administrative,12840
W87303726-amenity:school,14211
R283562-boundary:administrative,12526
R1441529-boundary:postal_code,13210
N3861010220-amenity:library,14838
N1635617294-place:hamlet,14722
R5983303-boundary:administrative,13815
N599928329-place:hamlet,14620
R364110-boundary:administrative,"12683,12684"
R405817-boundary:administrative,12773
R10351626-boundary:administrative,"13910,13911,13912,13913,13914"
R1413934-place:city,13187
R1942586-boundary:administrative,"14798,14799,14801,13340,13341,13342,14800"
R1985899-boundary:administrative,13375
R3955288-place:city,13731
R186479-boundary:administrative,"12289,12290"
N2824454497-place:town,14804
R112145-boundary:administrative,12003
N335885603-place:town,14525
N67157058-place:city,"14200,14201,14202"
W331961428-building:apartments,"14519,14520"
R10108023-boundary:administrative,13905
R1392804-boundary:administrative,13173
W898525616-building:yes,14659
R9381363-boundary:administrative,13886
R80501-boundary:administrative,11924
R2785095-boundary:administrative,13539
N240093385-place:village,14352
R959818-boundary:administrative,12948
R71033-boundary:administrative,11897
R11676682-boundary:administrative,13939
R53801-boundary:administrative,11375
N21063119-place:city,14009
R3376965-boundary:postal_code,13647
R237440-boundary:administrative,12499
R1600782-boundary:administrative,13241
N240098523-place:county,14354
R133736-boundary:administrative,12059
R4451926-boundary:political,13752
R9960657-boundary:administrative,13896
R6522363-boundary:administrative,13823
W794531687-highway:tertiary,14948
R10371838-boundary:administrative,"13915,13916,13917"
R3276843-boundary:administrative,14888
N902983025-place:village,14660
R183778-boundary:administrative,"12257,12258,12259"
R3720743-boundary:administrative,13715
R3766483-boundary:administrative,13722
W199214029-building:yes,"14310,14311"
N29622162-place:village,"14116,14117"
R2396450-boundary:administrative,13466
R1188954-boundary:postal_code,13102
W372675059-landuse:residential,14544
R1151349-boundary:postal_code,13077
R1708283-boundary:administrative,"13281,13282"
R286393-boundary:administrative,"12539,12540"
R8018979-boundary:administrative,13865
R18154806-boundary:administrative,14150
N1002261921-place:town,14671
R54413-boundary:administrative,11382
N571773704-place:city,14615
R1839161-boundary:administrative,13310
N463256119-place:village,14565
N26880091-place:village,"14061,14062"
R1504656-boundary:administrative,13229
W147273692-leisure:hackerspace,14261
R62430-boundary:administrative,"11582,11583"
R51477-boundary:administrative,"11348,11349,11340,11341,11342,11343,11344,11345,11346,11347,11336,11337,11338,11339"
R62422-boundary:administrative,"11560,11557,11558,11559,11552,11553,11554,11555,11556,11561,11562,11563,11564,11565,11566,11567,11568"
N7649814849-place:hamlet,"14885,14886"
R347950-boundary:administrative,"12665,12666,12667"
R1273359-boundary:administrative,"13139,13140"
R5558012-highway:pedestrian,"13791,13792"
R2084746-boundary:administrative,13391
R399906-boundary:administrative,12756
R1600813-boundary:administrative,13244
R3328013-boundary:administrative,13610
R3718720-boundary:administrative,13708
N279645187-place:city,14452
R913110-boundary:administrative,"12914,12915,12916"
R70124-boundary:administrative,"11891,11892"
R2377876-boundary:administrative,13462
R454178-boundary:administrative,12853
R1703814-boundary:disputed,"13279,13280"
R304716-boundary:administrative,"12580,12569,12570,12571,12572,12573,12574,12575,12576,12577,12578,12579,12582,12583,12584,12585,12586,12587,12581"
R324269-boundary:administrative,12646
R416357-boundary:administrative,12786
W238965460-building:yes,14333
R37244-boundary:administrative,"11299,11300"
W225855828-building:yes,14322
N4430328343-place:city,14854
N44927060-place:city,14175
R14186936-place:city,13969
N1635651356-place:city,14723
R5460399-place:suburb,13786
N11068300282-tourism:attraction,14916
N27565124-place:city,"14094,14095,14096,14097"
N267762522-place:city,14446
N240504014-place:city,14366
R62456-boundary:administrative,"11585,11586"
R2316598-boundary:administrative,13455
R405304-boundary:administrative,12769
R62701-boundary:administrative,11782
N17858426-place:town,"13990,13991"
R318864-boundary:administrative,12643
R62587-boundary:administrative,"11705,11706"
N248783208-place:town,14399
R62405-boundary:administrative,"11533,11534,11535"
N9583206205-place:village,14902
R171260-boundary:administrative,12193
R62491-boundary:administrative,11610
R3490438-boundary:administrative,13656
N1449509957-tourism:museum,14708
N2638593202-place:house,14794
N31440660-place:town,14141
R224045-boundary:administrative,"12464,12465,12466"
R1334123-boundary:administrative,13161
R2978650-boundary:administrative,"13590,13591,13592,13593,13594,13595,13589"
R1473947-boundary:administrative,"13221,13217,13218,13219,13220,13222,13223,13224,13225"
W116954106-building:apartments,14235
R1797918-boundary:administrative,13291
R1809013-boundary:administrative,"13299,13300"
N71364807-place:town,14205
R2088990-boundary:administrative,13392
N198492691-place:town,14307
N3227589041-place:city,14813
N299617915-place:city,"14485,14486,14487"
R13015689-boundary:administrative,13954
W98455854-highway:platform,14991
R167454-boundary:administrative,"12183,12184"
R9686827-boundary:administrative,13893
W260858785-place:neighbourhood,14424
R3716950-boundary:administrative,"13696,13697"
R3344550-boundary:postal_code,13623
R2808301-boundary:administrative,13575
N240101756-place:town,14355
R453363-boundary:administrative,12834
R14480894-place:city,13976
N1695218178-place:city,"14740,14741,14742"
R1600824-boundary:administrative,13245
R3353554-boundary:postal_code,13633
R4450996-boundary:administrative,13751
R3716076-boundary:administrative,13694
N3737840739-place:hamlet,14832
W42271091-highway:footway,14946
R3766486-boundary:administrative,13723
R1546085-boundary:census,13238
R13218356-building:retail,13956
N12337432759-amenity:car_sharing,14921
W12654644-highway:residential,14931
R40527-boundary:administrative,11303
N2290378830-place:village,"14779,14780"
R186363-boundary:administrative,12288
R2882613-boundary:administrative,13581
R1394773-boundary:postal_code,13176
N17328659-place:city,13986
R349451-boundary:administrative,12671
N956179375-place:village,14665
N17193023-place:city,"13983,13984,13985"
R58974-boundary:administrative,"11431,11432"
N361424182-place:city,14540
R225492-boundary:administrative,12479
N19075410-place:village,14001
R3329798-boundary:postal_code,13616
R1944659-boundary:administrative,13345
R14101768-boundary:disputed,"13968,13967"
R1071015-boundary:administrative,12997
R16789368-boundary:census,12500
N52240662-place:village,14184
R2218275-boundary:geomorphological-unit,13433
R3720554-boundary:administrative,13712
W1142174691-amenity:school,14687
N26880090-place:town,"14059,14060"
W122748967-building:yes,"14240,14241"
R6867788-boundary:administrative,13829
N5537570373-amenity:cafe,14866
N2149000430-place:city,14771
R58446-boundary:administrative,"11411,11412,11413,11414,11415"
W161466789-landuse:farmland,14287
R16132-boundary:administrative,"11251,11249,11250"
R942047-boundary:administrative,12941
N3755946675-place:house,14836
N27565027-place:city,14081
N16173235-place:city,13980
R1683941-boundary:administrative,13274
R2168248-boundary:administrative,13415
R2405268-boundary:administrative,13467
N1602111978-place:city,"14718,14719"
W424475117-building:yes,"14556,14557"
N9928246412-office:ngo,14908
R1903516-boundary:administrative,"13326,13327"
W355113480-building:yes,14535
R4430941-boundary:administrative,13750
R12394677-boundary:administrative,"13759,13949,13760"
R1016504-boundary:administrative,"12950,12951,12952,12953"
R163746-boundary:administrative,12160
R1946117-boundary:administrative,"13348,13349,13350,13351,13352"
R3315051-boundary:administrative,13608
N262704688-place:suburb,14432
R12982139-boundary:administrative,"13952,13953"
R114690-boundary:administrative,"12016,12017,12018,12019"
R14289632-boundary:administrative,13974
N10280099071-amenity:theatre,14911
N659535045-highway:bus_stop,14625
R3711481-boundary:administrative,"13688,13689,13690"
R5746665-place:city,"13801,13802,13803,13804"
R162050-boundary:administrative,"12134,12135,12136,12137"
R7202037-boundary:administrative,"13834,13835"
R286675-boundary:administrative,12542
N21579127-place:city,14017
W9064868-highway:residential,14930
N150981381-place:city,14268
R391186-boundary:administrative,"12724,12725"
R55776-boundary:administrative,11389
R83913-boundary:administrative,11926
R1251557-boundary:administrative,13133
R3409918-boundary:administrative,13653
N445073305-place:village,"14561,14562"
R11677685-boundary:administrative,13940
R54224-boundary:administrative,"11376,11377,11378,11379,11380,11381"
N287534172-place:city,14461
R90689-boundary:administrative,"11955,11956,11957,11958,11959"
R61320-boundary:administrative,"11455,11456"
N1209752072-place:town,14692
R1124273-boundary:administrative,"13052,13053,13054,13055"
R6577668-boundary:administrative,13825
R2456294-boundary:administrative,13483
W128547494-building:yes,14245
W372675590-landuse:farmyard,14545
N25738881-place:city,14042
R4140383-boundary:administrative,13739
R6571629-boundary:administrative,13824
R438171-boundary:administrative,12802
R365307-boundary:administrative,12685
R86708-boundary:administrative,"11933,11935,11936,11934"
R659747-boundary:administrative,12899
R1252923-boundary:administrative,13134
N11127374-place:city,"13934,13935,13936,13937"
W65714214-highway:residential,"14973,14983,14974"
R162378-boundary:administrative,"12146,12147"
R2793599-boundary:postal_code,13569
N29732078-place:town,14118
R162116-boundary:administrative,12144
R443593-boundary:administrative,12818
R14286529-boundary:administrative,13970
N3494100585-place:quarter,14827
R42619-boundary:administrative,11309
R301870-boundary:administrative,12566
W663481229-landuse:industrial,14627
N1129364490-place:city,14685
N1643504896-place:city,"14724,14725"
R173773-boundary:administrative,12209
R3716090-boundary:administrative,13695
R58590-boundary:administrative,"11425,11426,11427,11428"
N1764285233-amenity:college,14745
R62717-boundary:administrative,"11789,11790"
R939334-boundary:administrative,12935
R72596-boundary:administrative,11903
N29094633-place:town,"14105,14106"
R197273-boundary:administrative,12442
R2763541-boundary:administrative,"13506,13507,13508,13509,13510,13511,13512,13513"
W636066000-building:yes,14622
N2087401278-office:charity,14769
R253832-boundary:administrative,"12508,12509,12510"
N8541366252-place:city,14890
R1991609-boundary:administrative,13377
R1216849-boundary:administrative,"13109,13106,13107,13108"
N2028126814-place:hamlet,14768
R1675898-boundary:administrative,13259
R1143757-boundary:postal_code,13074
R170613-boundary:administrative,12190
R2792882-boundary:administrative,"13546,13547,13548,13549,13550"
N150960561-place:city,"14265,14266"
W128547490-building:yes,14244
W28490647-building:office,14104
R180683-boundary:administrative,12244
R50371-boundary:administrative,"11334,11335"
W491638345-amenity:fountain,14574
N1668655163-place:city,14730
N17916174-place:city,13993
R147447-boundary:administrative,12083
R932423-boundary:administrative,12923
N571469929-place:city,14613
R58591-boundary:administrative,11429
R53650-boundary:administrative,11374
R3353288-boundary:administrative,13632
R8186236-boundary:administrative,13866
R62508-boundary:administrative,"11622,11623,11624,11625,11626,11627,11628,11629,11630"
R195271-boundary:administrative,"12422,12423,12424,12425,12426,12427"
N473673874-place:village,14567
R531654-boundary:administrative,"12856,12857,12858,12859"
R1240588-boundary:administrative,13118
W68256432-highway:residential,14951
W334411317-building:yes,"14521,14522,14523"
N62792826-place:hamlet,14198
R1683709-boundary:administrative,13273
R62453-boundary:administrative,11584
R1080467-boundary:administrative,"13003,13004,13005,13006"
R2932285-boundary:administrative,13587
R2908186-boundary:administrative,13584
N2314213771-tourism:gallery,"14782,14783"
N251608378-place:city,14405
R418620-boundary:administrative,12794
R62470-boundary:administrative,11600
N292806332-place:city,"14471,14472,14473"
N438960507-place:town,14559
R85242-boundary:administrative,11927
W373173400-landuse:residential,14546
R391196-boundary:administrative,12726
N2290247316-place:hamlet,14778
N51969555-place:city,14183
R192757-boundary:administrative,"12322,12323,12324,12325"
R660349-boundary:administrative,12901
W235012388-building:apartments,14329
W93262984-shop:supermarket,14215
N158842914-place:quarter,14285
N245691673-place:city,14384
R3495553-boundary:administrative,13660
R53296-boundary:administrative,11373
N31417053-place:village,"14139,14140"
R3227127-boundary:administrative,"13602,13603,13604"
N25735371-place:city,14041
W131506189-amenity:place_of_worship,14250
R3272309-boundary:postal_code,13606
W194100314-amenity:community_centre,14301
R165794-boundary:administrative,12180
R365331-boundary:administrative,"12686,12687,12688,12689,12690,12691,12692,12693,12694,12695"
R161950-boundary:administrative,"12125,12126"
R10019384-boundary:administrative,13898
R136712-boundary:administrative,12068
N150963377-place:city,14267
R9092218-boundary:administrative,"13875,13876"
R14723588-boundary:administrative,"13977,13978"
R382418-boundary:administrative,12709
W26336913-highway:primary,14936
N10973286195-place:house,14914
W13540659-highway:residential,14962
R3696971-boundary:administrative,13677
R76469-boundary:administrative,"11909,11910"
R110833-boundary:administrative,11985
R423062-boundary:administrative,12800
R2407358-boundary:administrative,13470
R54462-boundary:administrative,11384
R1145583-boundary:postal_code,13075
R13645698-leisure:park,13962
R452988-boundary:administrative,"12829,12830,12831,12832"
N817806338-amenity:taxi,14651
R2722678-boundary:administrative,13501
R7462-boundary:administrative,11247
R11689681-boundary:administrative,13946
R3718182-boundary:administrative,"13702,13703,13704,13705"
N288420150-place:town,14464
R2171347-boundary:administrative,"13417,13418,13419,13420"
R1103635-boundary:postal_code,13014
R1184825-boundary:administrative,13092
R161961-boundary:administrative,"12129,12130,12131,12132"
N348096869-amenity:pub,14533
R7225990-boundary:administrative,13889
R295092-boundary:administrative,12552
R27027-boundary:administrative,"11274,11275,11276"
N502950676-place:village,14590
R1187159-boundary:administrative,"13093,13094,13095,13096,13097"
R7081677-place:region,13831
N3318555982-tourism:museum,14819
R80500-boundary:administrative,"11917,11915,11916,11918,11919,11920,11921,11922,11923"
R41485-boundary:administrative,"11306,11305,11307"
R541672-boundary:historic:administrative,12880
W1158269742-building:school,"14688,14689"
N262706785-place:town,14433
R1565793-boundary:administrative,13239
N8923659604-place:village,14897
W948728425-landuse:farmland,14664
W129537213-amenity:school,"14246,14247"
R1028816-boundary:administrative,12992
W45591848-highway:tertiary,14952
W22826546-place:city,14025
N26490651-place:town,14054
N243060007-place:suburb,14370
N265958490-place:city,"14442,14443"
R28699-boundary:administrative,"11277,11278"
R14289808-boundary:administrative,13975
W1000858041-landuse:residential,14670
R1116270-boundary:administrative,13030
N240073484-place:county,"14343,14344,14345"
R43756-boundary:administrative,11312
R2784807-boundary:administrative,"13530,13531"
N30857325-place:village,14129
R418872-boundary:administrative,12795
R4120759-boundary:administrative,13736
N247717281-place:city,"14396,14397"
R387772-boundary:administrative,"12718,12719"
R387469-boundary:administrative,12716
N33100807-place:town,14151
W533434444-amenity:community_centre,"14598,14599"
W295694489-amenity:community_centre,14480
R416561-boundary:administrative,12787
W31099735-highway:footway,14944
W527933073-highway:unclassified,14955
R404159-boundary:administrative,12763
R162373-boundary:administrative,12145
W662760153-building:yes,14626
N1051669585-place:city,"14677,14678"
N308822617-place:village,14500
R1915429-boundary:administrative,"13328,13329"
R536773-boundary:administrative,12865
R62598-boundary:administrative,"11715,11716,11717,11718,11719,11720,11721,11722"
R111735-boundary:administrative,11987
N2141899759-place:town,14770
R3837606-boundary:administrative,13726
N443804987-highway:bus_stop,14560
R195270-boundary:administrative,"12414,12415,12416,12417,12418,12419,12420,12421"
W94758653-building:yes,14216
R3681127-boundary:administrative,13676
W4488603-highway:track,"14953,14987"
N301351574-place:city,"14491,14492"
R307763-boundary:administrative,"12634,12635,12636"
R3703236-boundary:administrative,13679
R55770-boundary:administrative,11388
R162826-boundary:administrative,12148
W7662545-highway:residential,13842
N147670186-place:village,14262
R2774199-boundary:administrative,13515
R1949080-boundary:administrative,13356
R409863-boundary:administrative,"12780,12781,12782"
R1700324-boundary:administrative,13278
R450118-boundary:administrative,12826
R3375353-boundary:postal_code,13646
R62654-boundary:administrative,"11759,11760,11761"
R453394-boundary:administrative,12841
R1797917-boundary:administrative,13290
R2787952-boundary:administrative,"13541,13542"
R117178-boundary:administrative,12022
R935178-boundary:administrative,"12924,12925,12926"
R135130-boundary:administrative,12065
R62484-boundary:administrative,"14353,14933,11608"
R27020-boundary:administrative,11267
R62407-boundary:administrative,"11536,11537,11538,11539,11540,11541,11542,11543,11544"
N1699640925-place:city,14743
W692648474-tourism:museum,"14633,14634,14635"
R191645-boundary:administrative,"12305,12306,12307,12308,12309,12310,12311,12312"
R3372453-boundary:administrative,"13641,13642"
R58447-boundary:administrative,"11416,11417,11418,11419,11420,11421,11422,11423,11424"
W267193491-place:hamlet,14444
R63401-boundary:administrative,11850
R5466227-place:city,"13787,13788,13789"
R49915-boundary:administrative,"11328,11329"
R65606-boundary:ceremonial,"11852,11853,11854,11855,11856,11857,11858,11859,11860,11861,11862,11863,11864,11865,11866,11867,11868,11869,11870,11871,11872,11873,11874,11875,11876,11877,11878,11879,11880,11881"
N30031183-place:suburb,14124
R1394291-boundary:postal_code,13174
R454863-boundary:administrative,"12854,12855"
R62393-boundary:administrative,11508
N60140399-place:village,14195
R157769-boundary:administrative,12114
W192672848-building:yes,14299
R349933-boundary:administrative,12675
N3401391999-place:city,"14820,14821"
R337282-boundary:administrative,"12657,12658"
N251321140-place:city,"14402,14403,14404"
W101151335-highway:secondary,14942
N501540904-place:city,14589
R206591-boundary:administrative,12446
N27565078-place:city,14087
R158357-boundary:administrative,12115
R18489006-boundary:administrative,13998
R13673255-amenity:monastery,13963
R10718900-boundary:administrative,13929
R1152723-boundary:administrative,13078
R62504-boundary:administrative,"11619,11620,11621"
R134351-boundary:administrative,12061
W678380903-place:city,14630
N33364951-place:city,14152
N290885849-place:town,14470
R3711665-boundary:administrative,13692
R14656246-highway:pedestrian,14947
R454169-boundary:administrative,12851
W23392544-natural:water,14027
R179052-boundary:administrative,12238
R452974-boundary:administrative,12828
N240071404-place:town,14342
N11739424886-place:house,14917
R4581086-boundary:administrative,13758
R86538-boundary:administrative,"11928,11929,11930,11931,11932"
R153556-boundary:administrative,12108
R1080490-boundary:administrative,13008
R133345-boundary:administrative,12057
R1176597-boundary:postal_code,13082
N250671327-place:village,14401
R1685018-boundary:administrative,13276
R181162-boundary:administrative,"12251,12252"
R127012-boundary:administrative,12047
R1958054-boundary:administrative,13362
R357968-boundary:administrative,12679
W817729965-amenity:school,14650
R1231960-boundary:administrative,13117
R1243175-boundary:postal_code,13125
N262719247-place:town,14434
N1647327748-place:suburb,14726
N267458593-place:village,14445
W51686326-club:yes,14182
R1800297-boundary:administrative,"13293,13294,13295"
R1070407-boundary:administrative,12995
N240056905-place:city,14338
W107828406-building:yes,14229
N424313832-place:country,14555
R62772-boundary:administrative,11821
W300432377-building:presbytery,14489
R1996871-boundary:administrative,13378
N2993835452-place:hamlet,14806
R62465-boundary:administrative,11598
R422634-boundary:administrative,12798
R120027-boundary:administrative,"12036,12035"
R33505-boundary:administrative,"11292,11293"
W13012716-highway:unclassified,"14940,14978"
W394692093-landuse:recreation_ground,14551
N6481464402-place:hamlet,14873
R1228205-boundary:postal_code,13113
N9314663092-place:village,14898
R3348095-boundary:postal_code,13624
R2108882-boundary:political,13402
N240111755-place:village,"14361,14362"
N25503669-place:city,"14035,14036,14037,14038"
N17807753-place:city,"13987,13988,13989"
N1193295282-place:village,14691
R179883-boundary:administrative,12241
R158565-boundary:administrative,12117
R88065-boundary:ceremonial,11947
R16935638-highway:pedestrian,14938
N571400151-place:city,"14610,14611"
R307866-boundary:administrative,12641
N7839987371-place:suburb,14887
R224042-boundary:administrative,"12462,12463"
R2833528-boundary:administrative,"13576,13577"
R1109531-boundary:administrative,"13016,13017,13018,13019,13020,13021,13022"
R4251880-boundary:administrative,13748
R11984247-boundary:administrative,13948
N71556493-place:city,14206
W487377474-building:yes,14571
R2795565-boundary:administrative,"13570,13571"
R225494-boundary:administrative,"12483,12484,12485,12486,12487,12488,12489,12490,12491,14924"
R5400890-boundary:administrative,"13783,13782,13781,13784"
R35738-boundary:administrative,"11298,11297"
R71525-boundary:administrative,"11898,11899,11900"
R1259562-boundary:administrative,13138
R443587-boundary:administrative,12816
R1143746-boundary:postal_code,13073
R111968-boundary:administrative,"11988,11989,11990,11991,11992,11993,11994,11995,11996,11997,11998,11999"
R1188873-boundary:postal_code,13101
N1616078487-place:city,14720
R1473938-boundary:administrative,13213
N8469219857-place:hamlet,14889
R152790-boundary:administrative,"12104,12105"
N596240485-place:town,14619
R18010034-highway:pedestrian,13994
N20833613-place:city,14003
R3492709-boundary:administrative,"13657,13658"
W991425177-boundary:protected_area,14669
R188518-boundary:administrative,12298
R3718384-boundary:administrative,13706
N173827298-place:village,14293
N339279350-place:city,14526
N198513073-place:town,14309
R62726-boundary:administrative,11798
R184818-boundary:administrative,"12275,12276,12277,12278,12279,12280"
W454520922-building:retail,14563
R132348-boundary:administrative,"12054,12055"
R1600788-boundary:administrative,13242
R1684063-boundary:administrative,13275
R181161-boundary:administrative,"12249,12250"
R165637-boundary:administrative,12178
R1544955-boundary:administrative,13236
R171663-boundary:administrative,12199
N12214638207-amenity:restaurant,14920
R103703-boundary:administrative,"11964,11965,11966"
R30005-boundary:administrative,"11282,11283,11284,11285,11286,11287,11288"
R1059432-boundary:administrative,12994
N30933440-place:city,14131
R1683138-boundary:administrative,13268
N21588608-place:city,14018
N1418701024-place:city,"14701,14702,14703"
R6966465-boundary:administrative,13830
R134591-boundary:administrative,"12062,12063"
R2799557-boundary:administrative,13573
R2951347-boundary:administrative,13588
W10636465-highway:trunk,14950
R10398244-boundary:administrative,"13918,13919"
R2778912-boundary:administrative,"13518,13519"
N20981158-place:city,14008
N2510592-place:town,13486
N3068036763-amenity:arts_centre,14808
R7398836-boundary:administrative,13840
N4402951174-place:town,"14847,14848,14849"
R1504722-boundary:administrative,13231
R304938-boundary:administrative,"12597,12598,12599,12600,12601,12602,12603"
N3862624198-place:city,14839
R1016518-boundary:administrative,"12971,12972"
R1124268-boundary:administrative,"13046,13042,13043,13044,13045"
R5351794-boundary:administrative,13775
N25930131-place:city,"14045,14046,14047"
N9651787397-place:village,14905
R112130-boundary:administrative,12000
N153715785-place:town,14275
R1132199-boundary:postal_code,"13065,2,3"
R142681-boundary:administrative,"12073,12074"
R70967-boundary:administrative,"11895,11896"
R7485368-boundary:administrative,14899
R62649-boundary:administrative,"11746,11747,11748,11749,11750,11751,11752,11753,11754"
N298296162-place:city,14483
N5527648921-place:town,14864
R936946-boundary:administrative,12934
W146391426-building:office,"14258,14259"
W96409076-boundary:protected_area,14217
R67741-boundary:administrative,11884
W555001397-building:apartments,14604
N287687798-place:city,"14462,14463"
N495130151-place:suburb,14578
N180536743-place:village,14295
W29989621-boundary:administrative,14123
R10012960-boundary:administrative,13897
R383698-boundary:administrative,12712
R62525-boundary:administrative,"11645,11646,11647,11648,11649,11650,11651"
R414481-boundary:administrative,12785
W781993677-amenity:school,14645
R192795-boundary:administrative,"12370,12371,12372"
N29621185-place:town,"14112,14113,14114"
N20910685-place:city,"14006,14007"
R1124266-boundary:administrative,"13037,13038,13039,13040"
R332631-boundary:administrative,12648
R3495549-boundary:administrative,13659
R65420-boundary:administrative,11851
R192307-boundary:administrative,"12313,12314,12315"
W30191723-highway:residential,"14922,14990"
R4479763-boundary:administrative,"13753,13754,13755"
W92725966-amenity:community_centre,14214
R1336408-boundary:administrative,13163
W84631320-amenity:theatre,14209
N2542830949-place:hamlet,14792
R163109-boundary:administrative,12152
W118297738-historic:building,"14236,14237"
R62724-boundary:administrative,11797
R1016531-boundary:administrative,"12979,12980,12981,12982"
R438344-boundary:administrative,12803
N304577692-place:city,14493
R383050-boundary:administrative,12710
R397076-boundary:administrative,"12748,12749,12750,12751,12752"
R5750005-place:city,"13805,13806,13807,13808,13809,13810"
N10021975-place:town,13899
R7342879-boundary:administrative,13838
R62559-boundary:administrative,"11673,11674,11675,11676,11677,11678,11679,11680"
R62631-boundary:administrative,11728
R1224652-boundary:administrative,"13111,13112"
R935243-boundary:administrative,12931
R1958982-boundary:administrative,"13363,13364"
R357794-boundary:administrative,"12677,12678"
R1016519-boundary:postal_code,12973
R1946220-boundary:administrative,13354
R1310102-boundary:administrative,"13150,13151,13152"
W110394180-tourism:hostel,14231
W754857380-building:university,14642
N387953015-place:town,14550
R166850-boundary:administrative,12182
R2184073-boundary:administrative,13423
R3717259-boundary:administrative,"13698,13699"
N151612227-place:village,14273
R1946233-boundary:administrative,13355
R401695-boundary:administrative,12758
N20455353-place:city,14002
R413539-boundary:administrative,12784
R142282-boundary:administrative,12072
R4062443-boundary:administrative,13735
R62369-boundary:administrative,"11483,11484,11485,11486,11487,11488,11489,11490,11491,11492,11493,11494"
N60485579-place:city,14196
N1422314245-place:city,14705
R44836-boundary:administrative,11315
N240062727-place:town,14340
N593878343-place:city,14618
N571503830-place:suburb,14614
W39187039-amenity:community_centre,14165
N711491831-place:town,14639
R2260220-boundary:administrative,13442
R72594-boundary:administrative,"11902,11901"
W219554361-building:yes,"14316,14317,14318"
N342117043-place:city,"14530,14531,14532"
N1882099475-place:city,14756
R1176598-boundary:administrative,"13083,13084"
R1921238-boundary:administrative,13338
R2387397-boundary:administrative,13464
R443174-boundary:administrative,"12811,12806,12807,12808,12809,12810,12812,12813,12814"
R34719-boundary:administrative,"11294,11295"
R62493-boundary:administrative,"11611,11612"
R157062-boundary:administrative,"12111,12112"
R192781-boundary:administrative,"12340,12341,12342,12343,12344,12345,12346,12347,12348"
N240090160-place:city,14351
N1813843962-amenity:restaurant,"14748,14749,14750,14751"
W37679768-amenity:community_centre,"14160,14161,14162"
R1242298-boundary:administrative,"13121,13122,13123"
W203658215-club:sport,14312
N151664104-place:city,14274
R11381689-boundary:administrative,13938
R162069-boundary:administrative,"12138,12139"
R182317-boundary:administrative,12254
R185567-boundary:administrative,12287
R1403916-boundary:administrative,13181
N6647408855-place:county,14875
R1942587-boundary:administrative,"13343,13344"
R394037-boundary:administrative,"12729,12730,12731,12732,12733"
N240053395-place:town,14337
R192789-boundary:administrative,"12366,12367,12368"
W307686984-office:government,14499
N1588340047-place:town,14714
N12069364068-leisure:outdoor_seating,"14919,14918"
R6426653-boundary:administrative,13822
N27485887-place:town,14068
N27565076-place:city,14086
R1544957-boundary:administrative,13237
R188220-boundary:administrative,12297
R1132257-boundary:postal_code,13069
R192784-boundary:administrative,"12349,12350"
N245709027-place:city,"14387,14388"
W106165181-building:university,14228
N3233393892-place:city,14817
R1181618-boundary:administrative,13090
R62273-boundary:administrative,"11473,11474,11475,11476,11477"
R7868535-boundary:administrative,"13847,13848"
R2688911-boundary:administrative,"13495,13496,13497"
N262722333-place:city,14439
R145269-boundary:administrative,12076
R1176343-boundary:administrative,13081
N25929985-place:city,"14043,14044"
R380050-boundary:administrative,12701
N97922073-place:city,14220
N245647444-place:town,14382
N1242998122-place:city,14694
W498395812-place:town,14579
R349053-boundary:administrative,12668
R1395345-boundary:administrative,13177
N294001443-place:city,"14474,14475,14476"
R1933746-boundary:administrative,13339
R403747-boundary:administrative,"12761,12762"
R2908438-boundary:administrative,13585
R5606418-boundary:administrative,13795
R1252924-boundary:administrative,13135
R2802281-boundary:administrative,13574
R417461-boundary:administrative,"12788,12789"
R192799-boundary:administrative,"12390,12391"
R192780-boundary:administrative,12339
R1080493-boundary:administrative,13009
W891693135-highway:service,14954
R68841-boundary:administrative,"11885,11886,11887,11888"
W598621247-natural:water,14511
R1503544-boundary:administrative,13227
N817321619-amenity:bus_station,14649
R3698564-boundary:administrative,13678
N240111265-place:town,14360
R120965-boundary:administrative,12037
W11065405-highway:unclassified,13933
N30211883-place:city,"14125,14126"
R1026857-boundary:administrative,12989
R1155955-boundary:administrative,13079
N13766899-place:city,13966
R3320955-boundary:administrative,13609
N2680466624-place:hamlet,14796
R62390-boundary:administrative,11504
W787918114-highway:pedestrian,14647
N7205291725-place:house,14880
R60189-boundary:administrative,"11445,11446"
R454168-boundary:administrative,12850
R1902531-office:government,13325
R130848-boundary:administrative,12053
R915486-boundary:administrative,"12918,12919,12920,12921"
R1821294-boundary:administrative,13302
R2792080-boundary:administrative,"13543,13544"
R556706-boundary:administrative,"12884,12885,12886,12887,12888,12889,12890,12891,12892"
R4263150-boundary:administrative,13749
R62644-boundary:administrative,11741
R1112860-boundary:administrative,"13024,13025"
N305704505-place:state,14495
N384756804-natural:peak,14548
R336075-boundary:administrative,"12652,12653"
N27564996-place:city,"14074,14075,14076,14077,14078,14079"
R1461200-boundary:administrative,13212
R3720765-boundary:administrative,"13716,13717"
R1800730-boundary:administrative,13296
R722090-boundary:administrative,"12902,12903"
R453842-boundary:administrative,"12847,12848"
R118879-boundary:administrative,"12029,12030"
W239077078-landuse:commercial,14334
N1431901495-amenity:fast_food,14706
R1683619-boundary:administrative,"13270,13271"
N2409551371-place:city,14787
N240125507-place:town,14363
R207359-boundary:administrative,"12450,12451,12452,12453,12454,12455,14972,12447,12448,12449"
R443589-boundary:administrative,12817
N639654218-place:town,14623
R188022-boundary:administrative,"12295,12296"
R192796-boundary:administrative,"12373,12374,12375,12376,12377,12378,12379,12380,12381,12382"
W96822228-building:yes,14218
R191361-boundary:administrative,"12300,12301,12302,12303,12304"
R1609567-boundary:administrative,13247
R1100802-boundary:postal_code,13012
N738885245-place:city,"14640,14641"
R935838-boundary:administrative,12932
N21687149-place:city,14021
R75110-boundary:administrative,11905
W198466338-building:yes,14306
N2689551456-place:city,14797
R611084-boundary:administrative,12898
R387466-boundary:administrative,12715
N240028160-place:town,14335
R119877-boundary:administrative,12034
N60034262-place:city,"14193,14194"
R1241809-boundary:postal_code,13120
N21262495-place:city,14015
N240061254-place:town,14339
N2501933129-place:town,14789
R3720611-boundary:administrative,"13713,13714"
W23967853-building:office,14028
R10150660-boundary:administrative,13906
R571178-boundary:administrative,"12894,12895"
R1016506-boundary:administrative,"12956,12957,12958,12959,12960"
W124779974-landuse:residential,14243
R163738-boundary:administrative,"12157,12158,12159"
R2063637-boundary:administrative,13387
R396733-boundary:administrative,12746
N281434423-place:city,14455
R2929054-boundary:administrative,13586
R62374-boundary:administrative,"11497,11498,11499,11500,11501,11502"
R388844-boundary:administrative,12720
W28010754-highway:residential,14925
R3630439-boundary:administrative,"13666,13667,13668,13669,13670,13671,13672,13673,13674,13675,13665"
R62734-boundary:administrative,11799
R175587-boundary:census,12217
W249602975-building:retail,14400
W145129147-building:yes,14256
R1180153-boundary:postal_code,13087
R401805-boundary:administrative,12760
R3334237-boundary:postal_code,13617
R146937-boundary:administrative,12082
R2712780-boundary:administrative,13500
R2783849-boundary:administrative,"13526,13527"
R9687057-boundary:administrative,13894
R192758-boundary:administrative,"12326,12327"
R1242305-boundary:administrative,13124
N2198046262-place:hamlet,14773
R61315-boundary:administrative,"11453,11454"
R3718090-boundary:administrative,13701
R171496-boundary:administrative,"12195,12196,12197,12198"
N2285116859-place:village,14777
W54616206-amenity:place_of_worship,14187
R941078-boundary:administrative,12938
N158809705-place:city,14283
R196240-boundary:administrative,"12439,12440,12441"
N81458885-place:city,14208
N259774388-amenity:library,14421
R87460-boundary:ceremonial,11937
N27565056-place:city,"14084,14085"
N241645781-place:town,14368
R2792717-boundary:administrative,13545
R4195961-boundary:administrative,13741
R195273-boundary:administrative,"12433,12434,12435"
R62630-boundary:administrative,"11724,11725,11726,11727"
R1986140-boundary:administrative,13376
R51800-boundary:administrative,"11355,11356,11357,11358,11359,11360,11361"
R1399067-boundary:administrative,13180
R534382-boundary:administrative,12863
R1421451-boundary:administrative,13190
W26309170-tourism:attraction,"14052,14053"
N27565066-place:city,14858
R1231100-boundary:postal_code,"13114,13115"
R62669-boundary:administrative,11764
R184633-boundary:administrative,"12261,12262,12263,12264,12265,12266,12267"
R1274193-boundary:administrative,13141
W476421087-building:yes,14569
R192779-boundary:administrative,"12337,12338"
R62534-boundary:administrative,"11661,11662,11663"
R13422214-boundary:administrative,13959
R1950884-boundary:administrative,13359
R3374640-boundary:postal_code,13645
W48853350-building:ruins,14180
R1130283-boundary:administrative,13061
R453398-boundary:administrative,12842
W142798148-amenity:community_centre,14255
N26544289-place:city,14056
R1801538-boundary:administrative,13297
N31593650-place:village,14142
R62391-boundary:administrative,"11505,11506,11507"
N560852878-place:town,14606
R218657-boundary:administrative,12458
R383592-boundary:administrative,12711
R1028804-boundary:administrative,12991
N253421090-place:city,14411
R192775-boundary:administrative,12331
N58950371-place:city,14190
R1800165-boundary:administrative,13292
R1291697-boundary:postal_code,13145
R128428-boundary:administrative,12050
R2683176-boundary:administrative,13494
R344342-boundary:administrative,12663
R175855-boundary:administrative,12219
R1435828-boundary:administrative,13208
R1310085-boundary:administrative,13149
R958621-boundary:administrative,12945
R304751-boundary:administrative,"12588,12589,12590,12591,12592,12593,12594"
N30896995-place:town,14130
R396623-boundary:administrative,12741
W37961977-railway:platform,14164
R4251871-boundary:administrative,13747
R1109031-boundary:postal_code,13015
W457988418-building:house,14564
R3351257-boundary:administrative,"13625,13626"
R166012-amenity:community_centre,12181
R1145584-boundary:postal_code,13076
R1889339-boundary:administrative,"13322,13323,13324"
R3370039-boundary:administrative,13638
R165475-boundary:administrative,"12165,12166,12167,12168,12169,12170"
R11677687-boundary:administrative,13941
R283689-boundary:administrative,12530
N5925600644-place:village,14868
R336479-boundary:administrative,"12655,12656"
